"Name","Nationality","Overall","Potential"
"Lionel Messi","Argentina",93,93
"C. Ronaldo dos Santos Aveiro","Portugal",92,92
"Neymar da Silva Santos Jr.","Brazil",91,91
"Kevin De Bruyne","Belgium",91,91
"Kylian Mbappé","France",90,95
"Alisson Ramses Becker","Brazil",90,91
"Karim Benzema","France",89,89
"Sergio Ramos García","Spain",89,89
"Carlos Henrique Venancio Casimiro","Brazil",89,89
"Sergio Agüero","Argentina",89,89
"Thibaut Courtois","Belgium",89,90
"Harry Kane","England",88,89
"Paulo Dybala","Argentina",88,89
"Eden Hazard","Belgium",88,88
"Raheem Sterling","England",88,90
"N'Golo Kanté","France",88,88
"Ederson Santana de Moraes","Brazil",88,91
"Jadon Sancho","England",87,93
"Bruno Miguel Borges Fernandes","Portugal",87,90
"Luis Suárez","Uruguay",87,87
"Antoine Griezmann","France",87,87
"Bernardo Mota Carvalho e Silva","Portugal",87,88
"Fábio Henrique Tavares","Brazil",87,89
"Roberto Firmino Barbosa de Oliveira","Brazil",87,87
"Aymeric Laporte","France",87,90
"Ciro Immobile","Italy",87,87
"Ángel Di María","Argentina",87,87
"Sergio Busquets Burgos","Spain",87,87
"Giorgio Chiellini","Italy",87,87
"Hugo Lloris","France",87,87
"Edinson Cavani","Uruguay",86,86
"Alejandro Gómez","Argentina",86,86
"Paul Pogba","France",86,87
"Jamie Vardy","England",86,86
"Jordan Henderson","England",86,86
"Raphaël Varane","France",86,88
"David De Gea Quintana","Spain",86,86
"Daniel Carvajal Ramos","Spain",86,86
"Marco Verratti","Italy",86,87
"Jordi Alba Ramos","Spain",86,86
"Gerard Piqué Bernabeu","Spain",86,86
"David Josué Jiménez Silva","Spain",86,86
"Xavier Hernández Creus","Spain",86,86
"Marcus Rashford","England",85,91
"Ricardo Barbosa Pereira","Portugal",85,87
"Thiago Alcântara","Spain",85,85
"Romelu Lukaku","Belgium",85,86
"Gianluigi Donnarumma","Italy",85,92
"Rodrigo Hernández Cascante","Spain",85,88
"Clément Lenglet","France",85,89
"Thiago Emiliano da Silva","Brazil",85,85
"Marcos Aoás Corrêa","Brazil",85,89
"Luis Alberto Romero Alconchel","Spain",85,85
"Kyle Walker","England",85,85
"Diego Godín","Uruguay",85,85
"Mauro Icardi","Argentina",85,86
"Alex Sandro Lobo Silva","Brazil",85,85
"Toby Alderweireld","Belgium",85,85
"Dries Mertens","Belgium",85,85
"Jorge Resurrección","Spain",85,85
"Lorenzo Insigne","Italy",85,85
"Daniel Parejo Muñoz","Spain",85,85
"Leonardo Bonucci","Italy",85,85
"Filipe Luís Kasmirski","Brazil",85,85
"Pauleta","Portugal",85,88
"Alex Nicolao Telles","Brazil",84,85
"Mikel Oyarzabal Ugarte","Spain",84,90
"Lautaro Martínez","Argentina",84,91
"Anthony Martial","France",84,88
"Alejandro Grimaldo García","Spain",84,88
"Arthur Henrique Ramos Oliveira Melo","Brazil",84,89
"Lucas Digne","France",84,85
"Raúl Jiménez","Mexico",84,84
"Jesús Corona","Mexico",84,84
"Nicolás Tagliafico","Argentina",84,84
"Raphaël Guerreiro","Portugal",84,85
"Kingsley Coman","France",84,88
"Saúl Ñíguez Esclápez","Spain",84,87
"José María Giménez","Uruguay",84,88
"Jesús Navas González","Spain",84,84
"Francisco Román Alarcón Suárez","Spain",84,84
"Wissam Ben Yedder","France",84,84
"Fernando Luiz Rosa","Brazil",84,84
"Luis Miguel Afonso Fernandes","Portugal",84,84
"Axel Witsel","Belgium",84,84
"Douglas Costa de Souza","Brazil",84,84
"César Azpilicueta Tanco","Spain",84,84
"Felipe Augusto de Almeida Monteiro","Brazil",84,84
"Iago Aspas Juncal","Spain",84,84
"Rui Pedro dos Santos Patrício","Portugal",84,84
"Lucas Pezzini Leiva","Brazil",84,84
"José María Callejón Bueno","Spain",84,84
"Salvatore Sirigu","Italy",84,84
"Claudio Marchisio","Italy",84,84
"Federico Valverde","Uruguay",83,90
"Ousmane Dembélé","France",83,89
"Aaron Wan-Bissaka","England",83,88
"Philippe Coutinho Correia","Brazil",83,83
"Allan Marques Loureiro","Brazil",83,83
"Nélson Cabral Semedo","Portugal",83,86
"Joe Gomez","England",83,88
"Alessio Romagnoli","Italy",83,87
"Luiz Frello Filho Jorge","Italy",83,83
"Ferland Mendy","France",83,88
"Diego Carlos Santos Silva","Brazil",83,85
"Dele Alli","England",83,87
"José Luís Gayà Peña","Spain",83,88
"Gabriel Fernando de Jesus","Brazil",83,87
"Nabil Fekir","France",83,84
"Samuel Umtiti","France",83,86
"João Pedro Cavaco Cancelo","Portugal",83,86
"Marcos Acuña","Argentina",83,83
"Lucas Rodrigues M. Silva","Brazil",83,83
"Gonzalo Higuaín","Argentina",83,83
"Rafael A. Ferreira Silva","Portugal",83,83
"Alexandre Lacazette","France",83,83
"Juan Bernat Velasco","Spain",83,84
"Radja Nainggolan","Belgium",83,83
"Sergio Roberto Carnicer","Spain",83,83
"Kieran Trippier","England",83,83
"Thorgan Hazard","Belgium",83,83
"Cristian Portugues Manzanera","Spain",83,83
"Gerard Moreno Balagueró","Spain",83,83
"Marcelo Vieira da Silva","Brazil",83,83
"Pau López Sabata","Spain",83,88
"Oscar dos Santos Emboaba","Brazil",83,83
"Jan Vertonghen","Belgium",83,83
"Blaise Matuidi","France",83,83
"José Paulo Bezerra M. Júnior","Brazil",83,83
"Yuri Berchiche Izeta","Spain",83,83
"Carlos Vela","Mexico",83,83
"Iker Muniain Goñi","Spain",83,83
"Fernando Reges","Brazil",83,83
"João Filipe Moutinho","Portugal",83,83
"Ronaldo Jailson Cabrais Petri","Brazil",83,83
"Aitor Fernández","Spain",83,83
"Anthony Lopes","Portugal",83,84
"Renato Augusto","Brazil",83,83
"Francesco Acerbi","Italy",83,83
"Koen Casteels","Belgium",83,85
"Éver Banega","Argentina",83,83
"Steve Mandanda","France",83,83
"Ezequiel Garay","Argentina",83,83
"Andrea Barzagli","Italy",83,83
"Carles Puyol Saforcada","Spain",83,83
"Lilian Thuram","France",83,87
"Cafu","Brazil",83,88
"Nilmar Honorato da Silva","Brazil",83,86
"Danilo Luís Hélio Pereira","Portugal",82,82
"Sergio Reguilón Rodríguez","Spain",82,89
"Marcos Llorente Moreno","Spain",82,85
"Rodrigo Moreno Machado","Spain",82,82
"Harry Maguire","England",82,85
"Lucas Ocampos","Argentina",82,83
"Lucas Hernández","France",82,87
"Fabián Ruiz Peña","Spain",82,88
"Marco Asensio Willemsen","Spain",82,86
"Giovani Lo Celso","Argentina",82,87
"Rúben Diogo da Silva Neves","Portugal",82,87
"Kepa Arrizabalaga","Spain",82,86
"Willian Borges da Silva","Brazil",82,82
"Florian Thauvin","France",82,82
"Anderson Souza Conceição","Brazil",82,85
"Ángel Correa","Argentina",82,85
"Alphonse Areola","France",82,86
"Álvaro Borja Morata Martín","Spain",82,83
"Yannick Carrasco","Belgium",82,82
"Mike Maignan","France",82,86
"Gianluigi Buffon","Italy",82,82
"Nick Pope","England",82,83
"Dimitri Payet","France",82,82
"Sergio Canales Madrazo","Spain",82,82
"Agustín Marchesín","Argentina",82,82
"Gabriel Armando de Abreu","Brazil",82,83
"Gerónimo Rulli","Argentina",82,85
"Norberto Murara Neto","Brazil",82,82
"Santiago Cazorla González","Spain",82,82
"David Soria Solís","Spain",82,84
"Josué Durval Chiamulera Vaz","Brazil",82,82
"Fernando Muslera","Uruguay",82,82
"Fernando Pacheco Flores","Spain",82,84
"Sergio Asenjo Andrés","Spain",82,82
"Mattia Perin","Italy",82,84
"Malcom Filipe Silva de Oliveira","Brazil",82,89
"Raúl Albiol Tortajada","Spain",82,82
"Daniel Alves da Silva","Brazil",82,82
"Vincent Kompany","Belgium",82,82
"Raphael William Anjos Rochedo","Brazil",82,82
"Daniele De Rossi","Italy",82,82
"Xabier Alonso Olano","Spain",82,82
"Victor Valdés Arribas","Spain",82,82
"Jonas Gonçalves Oliveira","Brazil",82,82
"Fabio Cannavaro","Italy",82,89
"Diego Alves Carreira","Brazil",82,82
"Marcelo Bordon","Brazil",82,84
"Ledley King","England",82,82
"Couto","Portugal",82,84
"Raphael Dias Belloli","Brazil",81,85
"Houssem Aouar","France",81,89
"Rúben Santos Gato Alves Dias","Portugal",81,87
"Marc Cucurella Saseta","Spain",81,89
"João Félix Sequeira","Portugal",81,93
"Everton Sousa Soares","Brazil",81,86
"Ferran Torres García","Spain",81,89
"Richarlison de Andrade","Brazil",81,88
"Renan Augusto Lodi dos Santos","Brazil",81,87
"Moussa Diaby","France",81,88
"Moussa Dembélé","France",81,85
"Ben Chilwell","England",81,85
"Benjamin Pavard","France",81,85
"James Maddison","England",81,85
"Luke Shaw","England",81,83
"Youri Tielemans","Belgium",81,85
"Presnel Kimpembe","France",81,85
"Benjamin Mendy","France",81,84
"Gonçalo Manuel Ganchinho Guedes","Portugal",81,87
"Lucas Torreira","Uruguay",81,85
"Joaquín Correa","Argentina",81,84
"Iñaki Williams Arthuer","Spain",81,84
"Frederico de Paula Santos","Brazil",81,83
"Jordan Pickford","England",81,84
"Thomas Lemar","France",81,85
"Alessandro Florenzi","Italy",81,81
"Thomas Meunier","Belgium",81,81
"Sébastien Haller","France",81,83
"Welington Kauê Dano Nascimento","Brazil",81,81
"Manuel Lazzari","Italy",81,82
"Jonathan Castro Otto","Spain",81,84
"Adrien Rabiot","France",81,82
"Franck Ribéry","France",81,81
"Felipe Anderson Pereira Gomes","Brazil",81,81
"Pablo Sarabia García","Spain",81,81
"Andrés Iniesta Luján","Spain",81,81
"Juan Everton Mestres de Mesquita","Brazil",81,81
"Marcos Alonso Mendoza","Spain",81,81
"Javier Martínez Aginaga","Spain",81,81
"Francisco Alcácer García","Spain",81,82
"Ander Capa Rodríguez","Spain",81,81
"Jesús Joaquín Fernández Sáez","Spain",81,81
"Alessio Cragno","Italy",81,85
"Matteo Politano","Italy",81,81
"Rosberto J. Dourado Santos","Brazil",81,81
"Marvin Oswaldo Rangel Azevedo","Brazil",81,81
"Képler Laveran Lima Ferreira","Portugal",81,81
"André-Pierre Gignac","France",81,81
"Héctor Herrera","Mexico",81,81
"Walter Benítez","Argentina",81,84
"Adryan Juliano Zonta Torres","Brazil",81,81
"Sebastián Coates","Uruguay",81,81
"Ignacio Fernández","Argentina",81,81
"Eduardo Salvio","Argentina",81,81
"Esteban Andrada","Argentina",81,82
"Iván Marcano Sierra","Spain",81,81
"Nuno Ailton Padrenda Mendes","Brazil",81,81
"Taison Barcellos Freda","Brazil",81,81
"Gabriel Barbosa Almeida","Brazil",81,85
"Lourival Adnan Beretta Barbosa","Brazil",81,81
"Jonathan Viera Ramos","Spain",81,81
"Ismaily Gonçalves dos S.","Brazil",81,81
"Stéphane Ruffier","France",81,81
"Jordi Masip López","Spain",81,81
"Simon Mignolet","Belgium",81,81
"Andrea Consigli","Italy",81,81
"Steven Gerrard","England",81,81
"Aritz Aduriz Zubeldia","Spain",81,81
"Davide Astori","Italy",81,81
"Raúl González Blanco","Spain",81,81
"Gabriel Fernández Arenas","Spain",81,81
"Jérémy Mathieu","France",81,81
"Fabrizio Miccoli","Italy",81,81
"Tiago Cardoso Mendes","Portugal",81,81
"Benoît Trémoulinas","France",81,81
"Allan Saint-Maximin","France",80,86
"Vinícius José de Oliveira Júnior","Brazil",80,93
"João Mário Naval Costa Eduardo","Portugal",80,81
"Nordi Mukiele","France",80,87
"David Neres Campos","Brazil",80,85
"Mason Mount","England",80,87
"Diogo José Teixeira da Silva","Portugal",80,86
"Éder Gabriel Militão","Brazil",80,87
"Nicolò Barella","Italy",80,87
"Theo Hernández","France",80,85
"Dean Henderson","England",80,87
"Jack Grealish","England",80,83
"Christopher Nkunku","France",80,86
"Daniele Rugani","Italy",80,83
"Tanguy Ndombele","France",80,87
"Marcus Thuram","France",80,86
"Héctor Bellerín Moruno","Spain",80,85
"Daniel Ceballos Fernández","Spain",80,85
"Kurt Zouma","France",80,83
"Hirving Lozano","Mexico",80,83
"José Ángel Esmoris Tasende","Spain",80,85
"Erik Lamela","Argentina",80,80
"Otávio Edmilson da Silva Monteiro","Brazil",80,83
"Maximiliano Gómez","Uruguay",80,85
"Mikel Merino Zazón","Spain",80,86
"José Gómez Campaña","Spain",80,81
"Danny Ings","England",80,80
"Andrea Belotti","Italy",80,83
"Gelson Dany Batalha Martins","Portugal",80,83
"Unai Simón Mendibil","Spain",80,86
"Corentin Tolisso","France",80,83
"Valentin Rongier","France",80,83
"Mario Hermoso Canseco","Spain",80,83
"Mauro Arambarri","Uruguay",80,85
"John Stones","England",80,83
"Gerard Deulofeu Lázaro","Spain",80,81
"Pedro Rodríguez Ledesma","Spain",80,80
"Federico Bernardeschi","Italy",80,82
"Domenico Berardi","Italy",80,81
"Diego da Silva Costa","Spain",80,80
"David Luiz Moreira Marinho","Brazil",80,80
"Adnan Januzaj","Belgium",80,83
"Jérôme Roussillon","France",80,81
"William Silva de Carvalho","Portugal",80,80
"Alassane Plea","France",80,81
"José Ignacio Fernández Iglesias","Spain",80,80
"Givanildo Vieira de Souza","Brazil",80,80
"James Milner","England",80,80
"Lucas Vázquez Iglesias","Spain",80,80
"James Tarkowski","England",80,81
"Yeray Álvarez López","Spain",80,83
"Alejandro Remiro Gargallo","Spain",80,84
"André Gomes Magalhães Almeida","Portugal",80,80
"Joaquín Sánchez Rodríguez","Spain",80,80
"Luís Carlos Almeida da Cunha","Portugal",80,80
"Juan Musso","Argentina",80,83
"Laureano Thomas Santeiro Marre","Brazil",80,80
"Matias Vecino","Uruguay",80,80
"Willy Boly","France",80,80
"Marc Bartra Aregall","Spain",80,80
"Damián Suárez","Uruguay",80,80
"Raúl García Escudero","Spain",80,80
"Luiz Gustavo Dias","Brazil",80,80
"Sebastian Giovinco","Italy",80,80
"Willian José da Silva","Brazil",80,80
"Francis Coquelin","France",80,80
"Bafétimbi Gomis","France",80,80
"Iñigo Martínez Berridi","Spain",80,81
"Giuliano Victor de Paula","Brazil",80,80
"Mousa Dembélé","Belgium",80,80
"Sergio Romero","Argentina",80,80
"Mario Gaspar Pérez Martínez","Spain",80,80
"Antonio Adán Garrido","Spain",80,80
"Rubén Peña Jiménez","Spain",80,80
"Giacomo Bonaventura","Italy",80,80
"Asier Illarramendi","Spain",80,80
"Benjamin André","France",80,80
"Alexandre Rodrigues da Silva","Brazil",80,80
"Fabio Quagliarella","Italy",80,80
"Ignacio Monreal Eraso","Spain",80,80
"Egidio Maestre Schetino","Uruguay",80,80
"Benjamin Lecomte","France",80,81
"Sergio Escudero Palomo","Spain",80,80
"Maikel Renan Catarino Fagundes","Brazil",80,80
"João Miranda de Souza Filho","Brazil",80,80
"José María Sildero","Uruguay",80,80
"Enzo Pérez","Argentina",80,80
"Franco Armani","Argentina",80,80
"Luis Roberto Dálves","Uruguay",80,80
"Beñat Etxebarria Urkiaga","Spain",80,80
"Saúl Marcelo Ardero","Uruguay",80,80
"Vicente Guaita Panadero","Spain",80,80
"Jaime Nicolás Frendado","Uruguay",80,80
"Ricardo Izecson dos Santos Leite","Brazil",80,80
"Ramires Santos do Nascimen.","Brazil",80,80
"Juan Francisco Torres Belén","Spain",80,80
"Héniton Enaldo Pires Tramontino","Brazil",80,80
"Francesco Totti","Italy",80,80
"Jorge Ezequiel Serendero","Uruguay",80,80
"Mauro Evidio Nérez","Uruguay",80,80
"Matías David Baldona","Uruguay",80,80
"Tony Josimar Abranjes Meneses","Brazil",80,80
"Ezequiel Lavezzi","Argentina",80,80
"Thiago Motta","Italy",80,80
"Lucas Rafael Araújo Lima","Brazil",80,82
"Alexsandro de Souza","Brazil",80,80
"Paul Scholes","England",80,80
"Xabier Prieto Argarate","Spain",80,80
"Júlio César Soares Espíndola","Brazil",80,80
"Edinaldo Batista Libanio","Brazil",80,84
"Jefferson de Oliveira Galvão","Brazil",80,80
"Dominic Calvert-Lewin","England",79,84
"Dayot Upamecano","France",79,90
"Carlos Vinícius Alves Morais","Brazil",79,84
"Adama Traoré Diarra","Spain",79,85
"Boubacar Kamara","France",79,87
"Rodrygo Silva de Goes","Brazil",79,90
"Declan Rice","England",79,86
"Daniel Olmo Carvajal","Spain",79,87
"Phil Foden","England",79,88
"Jules Koundé","France",79,86
"Marcus Wendel Valle da Silva","Brazil",79,88
"Harvey Barnes","England",79,85
"Dan-Axel Zagadou","France",79,86
"Jonathan Ikoné","France",79,86
"Tiemoué Bakayoko","France",79,81
"Cristian Pavón","Argentina",79,85
"Héctor Junior Firpo Adamés","Spain",79,85
"Jason Denayer","Belgium",79,83
"Rodrigo Bentancur","Uruguay",79,85
"Stephan El Shaarawy","Italy",79,79
"André Filipe Tavares Gomes","Portugal",79,80
"Rafael Alcântara","Brazil",79,80
"Pablo Fornals Malla","Spain",79,83
"Diego Perotti","Argentina",79,79
"Álvaro Odriozola Arzalluz","Spain",79,82
"Léo Dubois","France",79,82
"Harry Winks","England",79,84
"Lorenzo Pellegrini","Italy",79,84
"Pierluigi Gollini","Italy",79,83
"James Ward-Prowse","England",79,83
"Igor Zubeldia Elorza","Spain",79,84
"Moussa Sissoko","France",79,79
"Alex Oxlade-Chamberlain","England",79,80
"Ezequiel Ávila","Argentina",79,82
"Ayoze Pérez Gutiérrez","Spain",79,79
"Emerson Palmieri dos Santos","Italy",79,82
"Carlos Soler Barragán","Spain",79,84
"Chris Smalling","England",79,79
"Ricardo Andrade Quaresma Bernardo","Portugal",79,79
"Danilo Luiz da Silva","Brazil",79,79
"Kenny Lala","France",79,79
"André Miguel Valente da Silva","Portugal",79,84
"Morgan Sanson","France",79,82
"Munir El Haddadi","Spain",79,84
"Mario Balotelli","Italy",79,79
"Conor Coady","England",79,81
"Samuel Castillejo Azuaga","Spain",79,80
"Juan Manuel Mata García","Spain",79,79
"Gabriel Appelt Pires","Brazil",79,80
"Olivier Giroud","France",79,79
"Alex Teixeira dos Santos","Brazil",79,79
"Darío Benedetto","Argentina",79,79
"Francesco Caputo","Italy",79,79
"Steven Nzonzi","France",79,79
"Danny Rose","England",79,79
"João Pedro G. Santos Galvão","Brazil",79,79
"Nicolás Otamendi","Argentina",79,79
"Jordan Veretout","France",79,81
"Baptiste Santamaria","France",79,82
"José Luis Morales Nogales","Spain",79,79
"Márcio Rafael Ferreira de Souza","Brazil",79,79
"Ander Herrera Agüera","Spain",79,79
"Joan Jordán Moreno","Spain",79,82
"Rui Tiago Dantas da Silva","Portugal",79,83
"Alejandro Pozuelo Melero","Spain",79,79
"Luan Vágner Boas Macedo","Brazil",79,79
"Borja Iglesias Quintas","Spain",79,80
"Álvaro González Soberón","Spain",79,79
"Omar Mascarell González","Spain",79,80
"Armando Izzo","Italy",79,81
"Guillermo Ochoa","Mexico",79,79
"João Paulo Dias Fernandes","Portugal",79,80
"Rubén García Santos","Spain",79,79
"Cristhian Stuani","Uruguay",79,79
"Mário Rui Silva Duarte","Portugal",79,79
"Milton Casco","Argentina",79,79
"Javier Mascherano","Argentina",79,79
"Ricardo Jorge da Luz Horta","Portugal",79,80
"Yann M'Vila","France",79,79
"Ben Mee","England",79,79
"José Manuel Reina Páez","Spain",79,79
"Mathieu Valbuena","France",79,79
"Kévin Gameiro","France",79,79
"Ronaldo Diego Esler Domingues","Brazil",79,79
"Joseba Zaldúa Bengoetxea","Spain",79,79
"Ben Foster","England",79,79
"Rafael Di Leonardo","Uruguay",79,79
"Vitorino Pacheco Antunes","Portugal",79,79
"Víctor Machín Pérez","Spain",79,79
"Fernando Lucas Martins","Brazil",79,80
"Marco Parolo","Italy",79,79
"Lucas Pérez Martínez","Spain",79,79
"Daniel García Carrillo","Spain",79,79
"Ibai Gómez Pérez","Spain",79,79
"Laurent Koscielny","France",79,79
"Jaime Mata Arnaiz","Spain",79,79
"Éder Citadin Martins","Italy",79,79
"Ángel Luís Rodríguez Díaz","Spain",79,79
"Sidnei Rechel da Silva Júnior","Brazil",79,79
"Melvin Luan Parrela Porfírio","Brazil",79,79
"Iker Casillas Fernández","Spain",79,79
"Benoît Costil","France",79,79
"Pedro León Sánchez Gil","Spain",79,79
"Matz Sels","Belgium",79,81
"Jaume Vicent Costa Jordá","Spain",79,79
"Matheus Lima Magalhães","Brazil",79,82
"Vicente Iborra de la Fuente","Spain",79,79
"David Villa Sánchez","Spain",79,79
"Diego Valeri","Argentina",79,79
"Nahuel Guzmán","Argentina",79,79
"Thierry Henry","France",79,79
"Everton Jorge Andrade Zanon","Brazil",79,79
"José Ángel Valdés Díaz","Spain",79,79
"Petros Matheus dos Santos Araujo","Brazil",79,79
"Diego Ribas da Cunha","Brazil",79,79
"Edgar Manuel Guichón","Uruguay",79,79
"Juan Román Riquelme","Argentina",79,79
"Leandro Miguel Sáreda","Uruguay",79,79
"Manuel H. Tavares Fernandes","Portugal",79,79
"Enzo Martín Riquero","Uruguay",79,79
"Adnan Claudiano Vidual Machado","Brazil",79,79
"Michael Carrick","England",79,79
"Roberto Carlos Da Silva Junior","Brazil",79,79
"Bernard Gabriel Prestão Chaves","Brazil",79,79
"Maxwell Scherer Cabelino Andrade","Brazil",79,79
"Esteban Granero Molina","Spain",79,79
"Alex Rodrigo Dias da Costa","Brazil",79,79
"Cédric Carrasso","France",79,79
"Enrico Chiesa","Italy",79,83
"Ricardo Alberto Silveira Carvalho","Portugal",79,79
"Emiliano Sala","Argentina",79,79
"Gabriel Mercado","Argentina",79,79
"Eric Collin","France",79,80
"Ricardo Oliveira","Brazil",79,79
"Andrés D'Alessandro","Argentina",79,79
"Gabriel Milito","Argentina",79,79
"Francisco Mota Castro Trincão","Portugal",78,91
"Emerson Leite De Souza","Brazil",78,88
"Antony Matheus dos Santos","Brazil",78,88
"Matheus Santos Carneiro Da Cunha","Brazil",78,87
"Ibrahima Konaté","France",78,88
"Gabriel dos S. Magalhães","Brazil",78,85
"Bruno Guimarães Moura","Brazil",78,87
"Luís Manuel Arantes Maximiano","Portugal",78,88
"Pau Francisco Torres","Spain",78,86
"Lisandro Martínez","Argentina",78,85
"Abdoulaye Doucouré","France",78,80
"Tammy Abraham","England",78,85
"Renato Júnior Luz Sanches","Portugal",78,85
"Daniel Castelo Podence","Portugal",78,82
"Mattia De Sciglio","Italy",78,78
"Michail Antonio","England",78,78
"Federico Chiesa","Italy",78,84
"Dwight McNeil","England",78,86
"Eric Dier","England",78,82
"Ruben Loftus-Cheek","England",78,84
"Alex Meret","Italy",78,87
"Leandro Trossard","Belgium",78,81
"Stefano Sensi","Italy",78,83
"Emiliano Martínez","Argentina",78,81
"Callum Wilson","England",78,78
"Ross Barkley","England",78,81
"Alban Lafont","France",78,84
"Leander Dendoncker","Belgium",78,83
"Manuel Locatelli","Italy",78,84
"Abdou Diallo","France",78,82
"Mattia Caldara","Italy",78,83
"Óscar Melendo Jiménez","Spain",78,84
"Michael Keane","England",78,79
"Unai Núñez Gestoso","Spain",78,84
"Jonathan Bamba","France",78,83
"Michy Batshuayi","Belgium",78,81
"Benjamin Bourigeaud","France",78,80
"Jordan Amavi","France",78,80
"Roberto Gagliardini","Italy",78,81
"Bernard Anício Caldeira Duarte","Brazil",78,78
"Jack O'Connell","England",78,82
"João Maria Palhinha Gonçalves","Portugal",78,84
"Marcos Paulo Mesquita Lopes","Portugal",78,83
"Raúl de Tomás Gómez","Spain",78,80
"Franco Cervi","Argentina",78,79
"Manuel Lanzini","Argentina",78,79
"Leonardo Spinazzola","Italy",78,78
"Lorenzo Morón García","Spain",78,81
"Domingos Sousa Menezes Duarte","Portugal",78,82
"Jonathan Rodríguez","Uruguay",78,79
"Bryan Cristante","Italy",78,82
"Luciano Vietto","Argentina",78,79
"Cristian Tello Herrera","Spain",78,78
"Hans Vanaken","Belgium",78,78
"Lewis Dunk","England",78,80
"Samuel Gigot","France",78,82
"Josuha Guilavogui","France",78,78
"Carlos Tévez","Argentina",78,78
"Matheus Jadson Bardeira Cunha","Brazil",78,78
"Antonio Candreva","Italy",78,78
"Denis Suárez Fernández","Spain",78,79
"Nathan Redmond","England",78,79
"José Sosa","Argentina",78,78
"Andrés Guardado","Mexico",78,78
"Jonathan Rodríguez Menéndez","Spain",78,78
"Sérgio Miguel Relvas de Oliveira","Portugal",78,78
"Kévin Malcuit","France",78,78
"Luis Rodríguez","Mexico",78,78
"Djibril Sidibé","France",78,78
"Mateo Musacchio","Argentina",78,78
"Vincenzo Grifo","Italy",78,78
"Germán Pezzella","Argentina",78,78
"Leonardo Carrilho Baptistão","Brazil",78,78
"Paul Bernardoni","France",78,84
"Ronaldo de Assis Moreira","Brazil",78,78
"Téji Savanier","France",78,78
"Davide Zappacosta","Italy",78,78
"Gérson Adriano Gutierres Serra","Brazil",78,78
"Ryan Bertrand","England",78,78
"Ruben Aguilar","France",78,79
"Ashley Westwood","England",78,78
"Everton Jorge Simão Resende","Brazil",78,78
"Arturo Adolfo Inálcio Dutra","Brazil",78,78
"Rogelio Funes Mori","Argentina",78,78
"Jaume Domenech Sánchez","Spain",78,79
"Rubén Alcaraz Jiménez","Spain",78,78
"Jorge Molina Vidal","Spain",78,78
"José Miguel da Rocha Fonte","Portugal",78,78
"Lisandro López","Argentina",78,78
"Antonio Mirante","Italy",78,78
"Oscar De Marcos Arana","Spain",78,78
"Jonathan Prazeres Conradi","Brazil",78,78
"Matías Suárez","Argentina",78,78
"Hugo Mallo Novegil","Spain",78,78
"Manuel Trigueros Muñoz","Spain",78,78
"Iván Marcone","Argentina",78,78
"A. Benjamin Chiamuloira Paes","Brazil",78,78
"Tom Heaton","England",78,78
"Ignacio Piatti","Argentina",78,78
"Pablo Piatti","Argentina",78,78
"Víctor David Díaz Miguel","Spain",78,78
"Nacer Chadli","Belgium",78,78
"Nuno Miguel Jerónimo Sequeira","Portugal",78,78
"José Pedro Malheiro de Sá","Portugal",78,80
"Pablo Nascimento Castro","Brazil",78,79
"Miguel Ángel Moyá Rumbo","Spain",78,78
"Etienne Capoue","France",78,78
"Pierre Lees-Melou","France",78,79
"Nicolás Lodeiro","Uruguay",78,78
"Ricardo Sousa Esgaio","Portugal",78,79
"Diego Forlán","Uruguay",78,78
"Iago Herrerín Buisán","Spain",78,78
"Domenico Criscito","Italy",78,78
"Maicon Pereira Roque","Brazil",78,78
"Mathieu Debuchy","France",78,78
"José Ignacio Martínez García","Spain",78,78
"Vincente Filho Dourado Hermes","Brazil",78,78
"Lautaro Acosta","Argentina",78,78
"Rafael de Souza Pereira","Brazil",78,78
"Carlos Izquierdoz","Argentina",78,78
"Andrés Eduardo Fernández Moreno","Spain",78,78
"Marcelo Augusto Ferreira Teixeira","Brazil",78,78
"Cristian Ansaldi","Argentina",78,78
"Víctor Laguardia Cisneros","Spain",78,78
"David Beckham","England",78,78
"Nicolas Pallois","France",78,78
"Frank Lampard","England",78,78
"Gennaro Gattuso","Italy",78,78
"Mikel Arteta Amatriain","Spain",78,78
"Florent Mollet","France",78,78
"Riccardo Montolivo","Italy",78,78
"G. Pierre Paiva Souza","Brazil",78,78
"A. Hernanes de Carvalho A. Lima","Brazil",78,78
"Rémy Cabella","France",78,78
"Owen Hargreaves","England",78,78
"Daniel Martín Lenzado","Uruguay",78,78
"Enzo Manuel Aguerro","Uruguay",78,78
"Sebastián Bruno Luna","Uruguay",78,78
"Alberto Marcelo Dutra Cirino","Brazil",78,78
"Fred Claudinei Tófoli Vilela","Brazil",78,78
"Germán Cano","Argentina",78,78
"Lassana Diarra","France",78,78
"Diego Milito","Argentina",78,78
"Loïc Perrin","France",78,78
"Tiago Luis Volpi","Brazil",78,80
"Luiz Adriano Souza da Silva","Brazil",78,78
"Charles Dias De Oliveira","Brazil",78,78
"João Natailton Ramos dos Santos","Brazil",78,78
"Felipe Melo de Carvalho","Brazil",78,78
"Figo","Portugal",78,86
"Daniel Van Buyten","Belgium",78,78
"Víctor Cuesta","Argentina",78,79
"Leonardo da Silva e Silva","Brazil",78,78
"Helton da Silva Arruda","Brazil",78,78
"Michel Fernandes Bastos","Brazil",78,78
"Jérémy Toulalan","France",78,78
"Hugo Miguel Ferreira Viana","Portugal",78,78
"Marcus Edwards","England",77,89
"Bouna Sarr","France",77,77
"Mason Greenwood","England",77,89
"Marc Roca Junqué","Spain",77,82
"Sandro Tonali","Italy",77,91
"Reece James","England",77,86
"Nicolás De la Cruz","Uruguay",77,86
"Jarrod Bowen","England",77,84
"Emiliano Buendía","Argentina",77,83
"Timothy Castagne","Belgium",77,82
"Mattéo Guendouzi","France",77,86
"Exequiel Palacios","Argentina",77,86
"Francisco Reis Ferreira","Portugal",77,84
"Wayne Rooney","England",77,77
"Neal Maupay","France",77,81
"Mathías Olivera","Uruguay",77,85
"Faitout Maouassa","France",77,81
"Dodi Lukébakio","Belgium",77,83
"Divock Origi","Belgium",77,82
"Rodrigo Javier De Paul","Argentina",77,79
"Jesse Lingard","England",77,77
"Mason Holgate","England",77,81
"Issa Diop","France",77,84
"Marcos Senesi","Argentina",77,84
"Nahitan Nández","Uruguay",77,83
"Wenderson Nascimento Galeno","Brazil",77,85
"Wylan Cyprien","France",77,79
"Ashley Young","England",77,77
"Emil Audero","Italy",77,87
"Thiago Henrique Mendes Ribeiro","Brazil",77,77
"Gonçalo Mendes Paciência","Portugal",77,79
"Iñigo Córdoba Kerejeta","Spain",77,83
"Gonzalo Escalante","Argentina",77,80
"Rafael Tolói","Brazil",77,77
"George Baldock","England",77,78
"Isaac Hayden","England",77,80
"Jamaal Lascelles","England",77,81
"Aaron Cresswell","England",77,77
"Andrea Conti","Italy",77,80
"Diego Laxalt","Uruguay",77,77
"Óliver Torres Muñoz","Spain",77,82
"Layvin Kurzawa","France",77,77
"Javier Hernández","Mexico",77,77
"Lucas Olaza","Uruguay",77,80
"Alexandre Moreno Lopera","Spain",77,78
"Bruno da Silva Peres","Brazil",77,77
"Angelo Ogbonna","Italy",77,77
"Paulo Gazzaniga","Argentina",77,80
"Hassane Kamara","France",77,80
"Rúben Miguel Nunes Vezo","Portugal",77,82
"Davidson da Luz Pereira","Brazil",77,77
"Rubén Duarte Sánchez","Spain",77,82
"Wendell Nascimento Borges","Brazil",77,78
"Danilo D'Ambrosio","Italy",77,77
"Unai López Cabrera","Spain",77,81
"Fabian Delph","England",77,77
"Dedryck Boyata","Belgium",77,77
"Jonjo Shelvey","England",77,77
"Francisco Soares dos Santos","Brazil",77,77
"Mikel San José Domínguez","Spain",77,77
"Adam Lallana","England",77,77
"Moisés Gómez Bordonado","Spain",77,78
"Sergi Darder Moll","Spain",77,79
"Bruno Viana Willemen Da Silva","Brazil",77,81
"Lucas Alario","Argentina",77,78
"Gautier Larsonneur","France",77,82
"Daniel Caligiuri","Italy",77,77
"Benjamin Stambouli","France",77,77
"Alberto Moreno Pérez","Spain",77,77
"Andros Townsend","England",77,77
"Florian Lejeune","France",77,78
"Vitorino Hilton da Silva","Brazil",77,77
"Héctor Moreno","Mexico",77,77
"Roberto Pereyra","Argentina",77,77
"Ricardo Centurión","Argentina",77,77
"Franco Vázquez","Argentina",77,77
"Lucas Biglia","Argentina",77,77
"Damien Da Silva","France",77,77
"Daniel Sturridge","England",77,77
"Simone Zaza","Italy",77,77
"Chris Basham","England",77,77
"Leandro Cabrera","Uruguay",77,78
"Pedro Henrique Pereira da Silva","Brazil",77,80
"Rafael Pereira da Silva","Brazil",77,77
"Roger Martí Salvador","Spain",77,77
"Sergio Guardiola Navarro","Spain",77,77
"Thomas Foket","Belgium",77,80
"Alexander Djiku","France",77,80
"Sergi Gómez Solà","Spain",77,78
"Charlie Taylor","England",77,78
"Jonathan Schmid","France",77,77
"Federico Fernández","Argentina",77,77
"Diego Rico Salguero","Spain",77,78
"Jonathan dos Santos","Mexico",77,77
"Martín Montoya Torralbo","Spain",77,77
"Cláudio Pires de Morais Ramos","Portugal",77,80
"Roque Mesa Quevedo","Spain",77,77
"Antonio José Rodríguez Díaz","Spain",77,77
"Romain Alessandrini","France",77,77
"Sergio Rico González","Spain",77,79
"Antonio Villa Suárez","Spain",77,79
"Simone Verdi","Italy",77,77
"Julio Buffarini","Argentina",77,77
"Víctor Ruiz Torre","Spain",77,77
"Aleix Vidal Parreu","Spain",77,77
"Adrien Thomasson","France",77,80
"Borja Valero Iglesias","Spain",77,77
"Gary Cahill","England",77,77
"Matheus Leite Nascimento","Brazil",77,77
"Miguel Luís Pinto Veloso","Portugal",77,77
"Ashley Barnes","England",77,77
"Fernando José Torres Sanz","Spain",77,77
"Aridane Hernández Umpiérrez","Spain",77,77
"Javier Pastore","Argentina",77,77
"Roberto Torres Morales","Spain",77,77
"Robson de Souza","Brazil",77,77
"Federico Fazio","Argentina",77,77
"Jack Cork","England",77,77
"Luis Montes","Mexico",77,77
"Marco Silvestri","Italy",77,77
"Iago Falqué Silva","Spain",77,77
"Daniele Baselli","Italy",77,77
"Gastón Ramírez","Uruguay",77,77
"Hendrik Van Crombrugge","Belgium",77,79
"Otávio Henrique Passos Santos","Brazil",77,79
"Emanuel Mammana","Argentina",77,88
"Fábio Santos Martins","Portugal",77,77
"Rubén Rochina Naixes","Spain",77,77
"Lucas Luciano Mantela Patrício","Brazil",77,77
"Alex McCarthy","England",77,77
"Elías Hernández","Mexico",77,77
"Guilherme dos Santos Torres","Brazil",77,77
"Silvio Romero","Argentina",77,77
"Pedro Filipe Teodósio Mendes","Portugal",77,77
"Roberto Soriano","Italy",77,77
"Ronaldo Luis Nazario da Lima","Brazil",77,91
"Sergi Enrich Ametller","Spain",77,77
"Johnathan Aparecido Silva","Brazil",77,77
"Andrea Pirlo","Italy",77,77
"Iván Cuéllar Sacristán","Spain",77,77
"Sebastián Blanco","Argentina",77,77
"Jonathan Orozco","Mexico",77,77
"Ignazio Abate","Italy",77,77
"Ronaldo Aparecido Rodrigues","Brazil",77,77
"Ángel Montoro Sánchez","Spain",77,77
"Federico Cartabia","Argentina",77,78
"Germán Sánchez Barahona","Spain",77,77
"Oier Sanjurjo Maté","Spain",77,77
"Paolo Maldini","Italy",77,89
"Claudio Nuno Coíntra Calegari","Brazil",77,77
"Fransérgio Rodrigues Barbosa","Brazil",77,77
"Antônio Augusto Ribeiro Reis Junior","Brazil",77,77
"Luigi Sepe","Italy",77,77
"Enzo Leandro Chissano Baia","Brazil",77,77
"Douglas Justino de Melo","Brazil",77,81
"Esteban Cambiasso","Argentina",77,77
"Vicente Damián Castro","Uruguay",77,77
"Sidney Adrián Pessoa Vidigal","Brazil",77,77
"Enrique García Martínez","Spain",77,77
"Maicon Douglas Sisenando","Brazil",77,77
"Nicolas Anelka","France",77,77
"Danilo Manuel Vieira Espíndola","Brazil",77,77
"Ariclenes Da Silva Ferreira","Brazil",77,77
"Fábio Alexandre Silva Coentrão","Portugal",77,77
"Thiago Neves Augusto","Brazil",77,77
"Carlos Gilberto do Nascimento Silva","Brazil",77,77
"Régis Gurtner","France",77,77
"Anderson Luís da Silva","Brazil",77,77
"Antonio Di Natale","Italy",77,77
"Leandro Agustín Baezo","Uruguay",77,77
"Jadson José Meireles Correia","Brazil",77,77
"Rodrigo Éder Vuarte Ruiz","Brazil",77,77
"Victor Martin Maia Padilha","Brazil",77,77
"Emiliano Rigoni","Argentina",77,78
"Eduardo Pereira Rodrigues","Brazil",77,82
"Douglas Renato de Jesus","Brazil",77,77
"Frederico Chaves Guedes","Brazil",77,77
"Federico Luis Contedo","Uruguay",77,77
"Jorge Sandro Herrería","Uruguay",77,77
"Andeson Jaime Trigo Gonçalves","Brazil",77,77
"António José Pinheiro Carvalho","Portugal",77,78
"Lucho González","Argentina",77,77
"Anderson Vital da Silva","Brazil",77,77
"Sylvinho","Brazil",77,84
"Luís Fabiano Clemente","Brazil",77,77
"Marco Borriello","Italy",77,77
"Philippe Mexès","France",77,77
"Walter Henrique da Silva","Brazil",77,78
"Álvaro Domínguez Soto","Spain",77,78
"Luiz Felipe Ventura dos Santos","Brazil",77,77
"Dagoberto Pelentier","Brazil",77,77
"Sergio García de la Fuente","Spain",77,77
"Pablo Aimar","Argentina",77,77
"Sylvain Distin","France",77,77
"Jamie Carragher","England",77,77
"Rémy Vercoutre","France",77,77
"Anssumane Fati","Spain",76,90
"Eduardo Camavinga","France",76,88
"José Diogo Dalot Teixeira","Portugal",76,85
"Kalvin Phillips","England",76,82
"Pedro António Pereira Gonçalves","Portugal",76,87
"Florentino Morris Luís","Portugal",76,86
"Fikayo Tomori","England",76,85
"Ainsley Maitland-Niles","England",76,84
"Nicolò Zaniolo","Italy",76,86
"Boubakary Soumaré","France",76,85
"Lucas Tolentino Coelho de Lima","Brazil",76,81
"Matías Zaracho","Argentina",76,84
"Leonardo Fernández","Uruguay",76,85
"Lucas Martínez Quarta","Argentina",76,85
"Diego Javier Llorente Ríos","Spain",76,79
"Ollie Watkins","England",76,81
"Jonjoe Kenny","England",76,83
"Borja Mayoral Moya","Spain",76,82
"Davide Calabria","Italy",76,81
"Edson Álvarez","Mexico",76,83
"Matheus Fellipe Costa Pereira","Brazil",76,81
"Aurélio Gabriel Ulineia Buta","Portugal",76,82
"Theo Walcott","England",76,76
"Alejandro Berenguer Remiro","Spain",76,81
"Rodolfo Pizarro","Mexico",76,79
"Armindo Tué Na Bangna","Portugal",76,77
"Roberto Alvarado","Mexico",76,83
"Wesley Moraes Ferreira da Silva","Brazil",76,81
"Jean-Philippe Mateta","France",76,83
"Francisco L. Lima Silva Machado","Portugal",76,81
"Gianluca Mancini","Italy",76,82
"Lucas Tousart","France",76,81
"Fabricio Bustos","Argentina",76,81
"Santiago Ascacíbar","Argentina",76,82
"Matt Targett","England",76,81
"Adrien S. Perruchet Silva","Portugal",76,76
"Carlos Fernández Luna","Spain",76,83
"Vitor Hugo Franchescoli Souza","Brazil",76,78
"Dennis Praet","Belgium",76,78
"Jack Wilshere","England",76,76
"John Lundstram","England",76,78
"Eduardo Expósito Jaén","Spain",76,83
"Carlos Neva Tey","Spain",76,81
"Giovanni Simeone","Argentina",76,81
"Robert Kenedy Nunes do Nascimento","Brazil",76,79
"Javier Manquillo Gaitán","Spain",76,79
"Jordan Lukaku","Belgium",76,77
"Jesús Vallejo Lázaro","Spain",76,82
"Luiz Araújo","Brazil",76,82
"Frédéric Guilbert","France",76,81
"Marcelo Antônio Guedes Filho","Brazil",76,76
"Fernando Marçal de Oliveira","Brazil",76,76
"Cédric Ricardo Alves Soares","Portugal",76,76
"Ryan Fredericks","England",76,77
"Santiago Mina Lorenzo","Spain",76,80
"Luis Milla Manzanares","Spain",76,81
"Jorge Marco de Oliveira Moraes","Brazil",76,80
"Andrea Petagna","Italy",76,81
"Giovanni Di Lorenzo","Italy",76,77
"Cristiano Piccini","Italy",76,76
"William de Asevedo Furtado","Brazil",76,80
"Will Hughes","England",76,79
"Rubén Blanco Veiga","Spain",76,82
"Gonzalo Martínez","Argentina",76,77
"Ibrahim Amadou","France",76,79
"Matteo Darmian","Italy",76,76
"Joris Gnagnon","France",76,80
"José Luis Palomino","Argentina",76,76
"Adrián San Miguel Castillo","Spain",76,76
"Guido Rodríguez","Argentina",76,78
"Ignacio Vidal Miralles","Spain",76,79
"Aritz Elustondo","Spain",76,80
"Mamadou Sakho","France",76,76
"Álvaro Negredo Sánchez","Spain",76,76
"Jesús Gallardo","Mexico",76,77
"Ludovic Blas","France",76,83
"Josef de Souza Dias","Brazil",76,76
"Nathaniel Clyne","England",76,76
"Agustín Rossi","Argentina",76,82
"Troy Deeney","England",76,76
"Martín Cáceres","Uruguay",76,76
"Matheus Reis de Lima","Brazil",76,80
"Nuno Miguel Gomes dos Santos","Portugal",76,79
"Ludovic Ajorque","France",76,79
"Manuel Agudo Durán","Spain",76,76
"Marc Albrighton","England",76,76
"Francisco Femenía Far","Spain",76,76
"Fraser Forster","England",76,76
"David Jason Remeseiro Salgueiro","Spain",76,77
"Christian Kabasele","Belgium",76,77
"Nicolás Gaitán","Argentina",76,76
"Carlos Clerc Martínez","Spain",76,76
"Brian Lozano","Uruguay",76,77
"Flavien Tait","France",76,76
"Loïc Rémy","France",76,76
"Dante Bonfim Costa Santos","Brazil",76,76
"Morgan Schneiderlin","France",76,76
"Gaëtan Laborde","France",76,79
"David García Zubiria","Spain",76,80
"Hernâni Jorge Santos Fortes","Portugal",76,76
"David Abraham","Argentina",76,76
"Gregoire Defrel","France",76,76
"Roberto Soldado Rillo","Spain",76,76
"Dyego Wilverson Ferreira Sousa","Portugal",76,76
"Mauricio Pereyra","Uruguay",76,76
"Leandro Castán da Silva","Brazil",76,76
"Francisco Mérida Pérez","Spain",76,76
"Jorge Miramón","Spain",76,76
"Lucas Zelarayán","Argentina",76,76
"Sergio Herrera Pirón","Spain",76,78
"Vadis Odjidja-Ofoe","Belgium",76,76
"Adama Soumaoro","France",76,77
"Jay Rodriguez","England",76,76
"Brandon Mechele","Belgium",76,78
"Marco Sportiello","Italy",76,76
"Fabio Borini","Italy",76,76
"José Luis Sanmartín Mato","Spain",76,76
"Maxime Gonalons","France",76,76
"Soualiho Meïté","France",76,79
"Paulo André Rodrigues Oliveira","Portugal",76,77
"Rubens Sambueza","Argentina",76,76
"Joel Robles Blázquez","Spain",76,76
"Mauro Zárate","Argentina",76,76
"Romain Hamouma","France",76,76
"Santiago García","Uruguay",76,76
"Guido Pizarro","Argentina",76,76
"Nery Domínguez","Argentina",76,76
"David López Silva","Spain",76,76
"Alan Kardec de Sousa Pereira Jr","Brazil",76,76
"Gustavo Bou","Argentina",76,76
"Federico Di Francesco","Italy",76,76
"Nicola Sansone","Italy",76,76
"Carles Gil Pareja","Spain",76,76
"Gabriel Vasconcelos F.","Brazil",76,79
"Joel Ward","England",76,76
"Martín Campaña","Uruguay",76,76
"Diego López Rodríguez","Spain",76,76
"John Terry","England",76,76
"Steven Defour","Belgium",76,76
"Javier Pinola","Argentina",76,76
"Sebastián Driussi","Argentina",76,83
"Daniel Filipe Martins Carriço","Portugal",76,76
"Yoann Court","France",76,76
"James Tomkins","England",76,76
"Lisandro López","Argentina",76,76
"Matías Kranevitter","Argentina",76,79
"Carlos Eduardo de Oliveira Alves","Brazil",76,76
"Aderllan de Jesus Santos","Brazil",76,76
"Andrea Poli","Italy",76,76
"Maurício José da Silveira Júnior","Brazil",76,76
"Luca Toni","Italy",76,76
"Nelson Arturo Reis Lopes","Brazil",76,76
"Leonardo Sigali","Argentina",76,76
"Ander Iturraspe Derteano","Spain",76,76
"Leandro Chichizola","Argentina",76,76
"Tomás Pina Isla","Spain",76,76
"Gaël Clichy","France",76,76
"Uílson de Souza Paula Júnior","Brazil",76,76
"Raffael Caetano de Araújo","Brazil",76,76
"Diego Castro Giménez","Spain",76,76
"Yohan Cabaye","France",76,76
"Raúl Michel Melo da Silva","Brazil",76,76
"Rômulo Borges Monteiro","Brazil",76,76
"Damien Le Tallec","France",76,76
"Erick Sebastião Laforte Medeiros","Brazil",76,76
"Andrei Girotto","Brazil",76,76
"Carlos Sánchez","Uruguay",76,76
"Antonio García Aranda","Spain",76,76
"Francisco Lima da Silva","Brazil",76,76
"António Alberto Bastos Pimparel","Portugal",76,76
"Antonio Cassano","Italy",76,76
"Daniel Miguel Alves Gomes","Portugal",76,76
"Nicolás Evandro Filheiro Stein","Brazil",76,76
"Marcos Díaz","Argentina",76,76
"João Miguel Coimbra Aurélio","Portugal",76,76
"Anderson Luis De Carvalho","Brazil",76,76
"Patrick Vieira","France",76,87
"Adilson Patrick Edrada Pereira","Brazil",76,76
"Gabriel Jairo Aníbal Rangel","Brazil",76,76
"Pierre Tomás Torres De Faria","Brazil",76,76
"Simão Alvin Acunha Bardini","Brazil",76,76
"Gabriel Girotto Franco","Brazil",76,82
"Victor Vinícius Coelho dos Santos","Brazil",76,83
"Josué Filipe Soares Pesqueira","Portugal",76,76
"Marco Materazzi","Italy",76,85
"Romain Thomas","France",76,76
"Raúl José Trindade Meireles","Portugal",76,76
"Vágner Silva de Souza","Brazil",76,76
"Gary Neville","England",76,82
"Hernán Crespo","Argentina",76,76
"Fred Marcos Aníbal Dias","Brazil",76,76
"Anselmo de Moraes","Brazil",76,76
"Bruno Soriano Llido","Spain",76,76
"Diego de Souza Andrade","Brazil",76,79
"Rafael Augusto Sóbis do Nascimento","Brazil",76,76
"Anderson Luis de Souza","Portugal",76,76
"Eliseu Pereira dos Santos","Portugal",76,76
"David Jefferson Seijalbo Vaz","Brazil",76,76
"Silas Enaldo Barros de Almeida","Brazil",76,76
"Marcos Luís Rocha Aquino","Brazil",76,77
"Willians Domingos Fernandes","Brazil",76,76
"Maicón Marques Bitencourt","Brazil",76,76
"Mauro Boselli","Argentina",76,76
"Nicolás Pareja","Argentina",76,76
"Diego Tardelli Martins","Brazil",76,76
"Lucimar da Silva Ferreira","Brazil",76,76
